FirstNumber,SecondNumber,Addition,Subtraction,Division,Multiplication
0.09,0.06,0.15,0.0299999999999999,1.4999999999999998,0.0054
165.0,787.0,952.0,-622.0,0.2096569250317662,129855.0
